SALE TYPE,SOLD DATE,PROPERTY TYPE,ADDRESS,CITY,STATE OR PROVINCE,ZIP OR POSTAL CODE,PRICE,BEDS,BATHS,LOCATION,SQUARE FEET,LOT SIZE,YEAR BUILT,DAYS ON MARKET,$/SQUARE FEET,HOA/MONTH,STATUS,NEXT OPEN HOUSE START TIME,NEXT OPEN HOUSE END TIME,URL (SEE https://www.redfin.com/buy-a-home/comparative-market-analysis FOR INFO ON PRICING),SOURCE,MLS#,FAVORITE,INTERESTED,LATITUDE,LONGITUDE
"In accordance with local MLS rules, some MLS listings are not included in the download"
PAST SALE,May-22-2023,Single Family Residential,27712 Pacific Coast Hwy,Malibu,CA,90265,190000000,7,11.0,Malibu Beach,,257888,,,,,Sold,,,https://www.redfin.com/CA/Malibu/27712-Pacific-Coast-Hwy-90265/home/6855686,TheMLS,23-308929,N,Y,34.0245206,-118.7771425
PAST SALE,October-18-2022,Single Family Residential,27628 Pacific Coast Hwy,Malibu,CA,90265,100000000,8,12.0,Malibu Beach,10698,156504,2001,,9348,,Sold,,,https://www.redfin.com/CA/Malibu/27628-Pacific-Coast-Hwy-90265/home/6855682,TheMLS,22-157481,N,Y,34.0244275,-118.7755278
PAST SALE,December-21-2022,Single Family Residential,28060 Sea Lane Dr,Malibu,CA,90265,91000000,8,13.0,Malibu Beach,,292170,1975,,,,Sold,,,https://www.redfin.com/CA/Malibu/28060-Sea-Lane-Dr-90265/home/6855712,TheMLS,22-210429,N,Y,34.0225099,-118.7842329
PAST SALE,July-29-2025,Single Family Residential,28719 Grayfox St,Malibu,CA,90265,80000000,1,2.0,Malibu Beach,1314,58784,1956,,60883,,Sold,,,https://www.redfin.com/CA/Malibu/28719-Grayfox-St-90265/home/6856237,TheMLS,25578265,N,Y,34.0094038,-118.7949916
PAST SALE,July-3-2024,Single Family Residential,24186 Case Ct,Malibu,CA,90265,61000000,5,8.0,Malibu,10527,115941,2023,,5795,6382,Sold,,,https://www.redfin.com/CA/Malibu/24186-Case-St-90265/home/169936587,TheMLS,23-243691,N,Y,34.033234,-118.699086
PAST SALE,June-28-2021,Single Family Residential,21958 Pacific Coast Hwy,Malibu,CA,90265,51650000,5,7.0,Malibu Beach,5374,19092,2002,,9611,,Sold,,,https://www.redfin.com/CA/Malibu/21958-Pacific-Coast-Hwy-90265/home/8102664,TheMLS,21-722492,N,Y,34.0383069,-118.6530233
PAST SALE,,Single Family Residential,24198 Case St,Malibu,CA,90265,50000000,,,,,212695,,,,,,,,https://www.redfin.com/CA/Malibu/24198-Case-St-90265/home/169936589,,,N,Y,34.033577,-118.700836
PAST SALE,July-16-2025,Single Family Residential,29130 Cliffside Dr,Malibu,CA,90265,49750000,5,8.0,Malibu Beach,8000,44170,,,6219,,Sold,,,https://www.redfin.com/CA/Malibu/29130-Cliffside-Dr-90265/home/6857258,TheMLS,24-468303,N,Y,34.0058002,-118.8034501
PAST SALE,,Single Family Residential,7061 Birdview Ave,Malibu,CA,90265,49089500,6,9.0,,9130,52071,1995,,5377,,,,,https://www.redfin.com/CA/Malibu/7061-Birdview-Ave-90265/home/6857518,,,N,Y,34.0090525,-118.81331
PAST SALE,,Single Family Residential,32316 Pacific Coast Hwy,Malibu,CA,90265,45000000,5,3.0,,4088,53610,1962,,11008,,,,,https://www.redfin.com/CA/Malibu/32316-Pacific-Coast-Hwy-90265/home/6858934,,,N,Y,34.0388957,-118.8783935
PAST SALE,January-27-2022,Single Family Residential,27234 & 27242 Pacific Coast Hwy,Malibu,CA,90265,44500000,4,6.0,Malibu Beach,7160,25622,,,6215,,Sold,,,https://www.redfin.com/CA/Malibu/27234-Pacific-Coast-Hwy-90265/home/6855643,TheMLS,21-102011,N,Y,34.0253727,-118.7674046
PAST SALE,February-7-2022,Single Family Residential,31842 West Sea Level Dr,Malibu,CA,90265,42250000,5,7.0,Malibu Beach,10500,68056,1995,,4024,529,Sold,,,https://www.redfin.com/CA/Malibu/31842-Sea-Level-Dr-90265/home/6858926,TheMLS,21-751330,N,Y,34.0370436,-118.8697956
PAST SALE,January-14-2022,Single Family Residential,21808 Pacific Coast Hwy,Malibu,CA,90265,40000000,6,10.0,Malibu Beach,9508,21244,2005,,4207,,Sold,,,https://www.redfin.com/CA/Malibu/21808-Pacific-Coast-Hwy-90265/home/6852798,TheMLS,21-798640,N,Y,34.0377555,-118.6493131
PAST SALE,January-5-2023,Single Family Residential,22446 Pacific Coast Hwy,Malibu,CA,90265,40000000,6,8.0,Malibu Beach,6125,16401,1976,,6531,,Sold,,,https://www.redfin.com/CA/Malibu/22446-Pacific-Coast-Hwy-90265/home/6853139,TheMLS,22-163783,N,Y,34.0393288,-118.6640685
PAST SALE,March-13-2024,Single Family Residential,33740 Pacific Coast Hwy,Malibu,CA,90265,38450000,6,8.0,Malibu Beach,,74945,2013,,,,Sold,,,https://www.redfin.com/CA/Malibu/33740-Pacific-Coast-Hwy-90265/home/6859002,TheMLS,24-350527,N,Y,34.0427186,-118.9111889
PAST SALE,September-21-2022,Single Family Residential,5012 Carbon Beach Ter,Malibu,CA,90265,38000000,5,9.0,Malibu,12169,945449,2021,,3123,5000,Sold,,,https://www.redfin.com/CA/Malibu/5012-Carbon-Beach-Ter-90265/home/22332212,TheMLS,21-103207,N,Y,34.0412146,-118.6624744
PAST SALE,April-20-2022,Single Family Residential,29060 Cliffside Dr,Malibu,CA,90265,35000000,6,6.0,Malibu,6107,37531,,,5731,,Sold,,,https://www.redfin.com/CA/Malibu/29060-Cliffside-Dr-90265/home/6857262,SDMLS,22-118563,N,Y,34.0065189,-118.8022951
PAST SALE,July-19-2024,Single Family Residential,5046 Carbon Beach Ter,Malibu,CA,90265,32000000,5,9.0,Malibu,12637,747505,2019,,2532,5000,Sold,,,https://www.redfin.com/CA/Malibu/5046-Carbon-Beach-Ter-90265/home/22398938,TheMLS,24-355701,N,Y,34.0442971,-118.6621446
PAST SALE,July-15-2024,Single Family Residential,28823 Cliffside Dr,Malibu,CA,90265,31700000,6,5.0,Malibu,7269,,1957,,4361,,Sold,,,https://www.redfin.com/CA/Malibu/28823-Cliffside-Dr-90265/home/6856270,TheMLS,24-385023,N,Y,34.0084962,-118.795911
PAST SALE,,Single Family Residential,33608 Pacific Coast Hwy,Malibu,CA,90265,31000000,6,4.0,,5033,31942,1955,,6159,,,,,https://www.redfin.com/CA/Malibu/33608-Pacific-Coast-Hwy-90265/home/6859007,,,N,Y,34.0423313,-118.9082538
PAST SALE,July-11-2025,Single Family Residential,28808 Cliffside Dr,Malibu,CA,90265,30500000,6,9.0,Malibu Beach,11154,45566,1993,,2734,,Sold,,,https://www.redfin.com/CA/Malibu/28808-Cliffside-Dr-90265/home/6856258,TheMLS,25566787,N,Y,34.0085226,-118.7946467
PAST SALE,August-27-2021,Single Family Residential,31272 Broad Beach Rd,Malibu,CA,90265,30000000,6,9.0,Malibu Beach,13475,47374,2004,,2226,580,Sold,,,https://www.redfin.com/CA/Malibu/31272-Broad-Beach-Rd-90265/home/8173213,CSMAR,220004701,N,Y,34.0351444,-118.8542425
PAST SALE,August-26-2024,Single Family Residential,33602 Pacific Coast Hwy,Malibu,CA,90265,29500000,6,8.0,Malibu Beach,6451,30701,1963,,4573,,Sold,,,https://www.redfin.com/CA/Malibu/33602-Pacific-Coast-Hwy-90265/home/6859009,TheMLS,23-274217,N,Y,34.0420941,-118.9075391
PAST SALE,May-12-2021,Single Family Residential,31134 Broad Beach Rd,Malibu,CA,90265,29169000,4,6.0,Malibu Beach,5525,46243,,,5279,292,Sold,,,https://www.redfin.com/CA/Malibu/31134-Broad-Beach-Rd-90265/home/23107454,TheMLS,21-694072,N,Y,34.0341862,-118.851818
PAST SALE,,Single Family Residential,28034 Sea Lane Dr,Malibu,CA,90265,29000000,3,4.0,,4276,31558,1976,,6782,,,,,https://www.redfin.com/CA/Malibu/28034-Sea-Lane-Dr-90265/home/6855716,,,N,Y,34.0222754,-118.7832562
PAST SALE,,Single Family Residential,28804 Bison Ct,Malibu,CA,90265,28500000,,,,,82037,,,,,,,,https://www.redfin.com/CA/Malibu/28804-Bison-Ct-90265/home/167444673,,,N,Y,34.0091764,-118.7972687
PAST SALE,December-8-2023,Single Family Residential,22160 Pacific Coast Hwy,Malibu,CA,90265,28500000,4,5.0,Malibu Beach,4036,10086,1956,,7061,,Sold,,,https://www.redfin.com/CA/Malibu/22160-Pacific-Coast-Hwy-90265/home/6852836,TheMLS,23-338407,N,Y,34.0388538,-118.6577238
PAST SALE,May-2-2025,Single Family Residential,23736 Malibu Colony Rd,Malibu,CA,90265,26750000,6,5.0,Malibu Beach,,17677,1927,,,,Sold,,,https://www.redfin.com/CA/Malibu/23736-Malibu-Colony-Rd-90265/home/6854601,TheMLS,24-370667,N,Y,34.0332597,-118.6925338
PAST SALE,August-24-2023,Single Family Residential,22040 Pacific Coast Hwy,Malibu,CA,90265,26711000,5,6.0,Malibu Beach,5619,15505,1997,,4754,,Sold,,,https://www.redfin.com/CA/Malibu/22040-Pacific-Coast-Hwy-90265/home/6852825,TheMLS,22-195241,N,Y,34.0385382,-118.6548367
PAST SALE,September-4-2024,Single Family Residential,11865 Ellice St,Malibu,CA,90265,25000000,6,9.0,Malibu,14429,108029,2021,,1733,525,Sold,,,https://www.redfin.com/CA/Malibu/11865-Ellice-St-90265/home/57337858,TheMLS,24-368931,N,Y,34.0528633,-118.9574602
PAST SALE,October-4-2022,Single Family Residential,11846 Ellice St,Malibu,CA,90265,24700000,7,11.0,Malibu,10348,43582,2016,,2387,,Sold,,,https://www.redfin.com/CA/Malibu/11846-Ellice-St-90265/home/22829775,TheMLS,22-157487,N,Y,34.0520024,-118.9583509
PAST SALE,,Single Family Residential,27724 Pacific Coast Hwy,Malibu,CA,90265,24500000,3,3.0,,2984,68427,1973,,8210,,,,,https://www.redfin.com/CA/Malibu/27724-Pacific-Coast-Hwy-90265/home/6855684,,,N,Y,34.0233801,-118.7777546
PAST SALE,April-12-2024,Single Family Residential,31412 Broad Beach Rd,Malibu,CA,90265,23913490,6,7.0,Malibu Beach,4974,14790,2008,,4808,,Sold,,,https://www.redfin.com/CA/Malibu/31412-Broad-Beach-Rd-90265/home/18656362,TheMLS,24-367979,N,Y,34.0357071,-118.8581547
PAST SALE,August-31-2023,Single Family Residential,31202 Broad Beach Rd,Malibu,CA,90265,23600000,5,5.0,Malibu Beach,3339,38613,1946,,7068,,Sold,,,https://www.redfin.com/CA/Malibu/31202-Broad-Beach-Rd-90265/home/6858428,TheMLS,23-269473,N,Y,34.0343268,-118.852165
PAST SALE,December-7-2023,Single Family Residential,24300 Malibu Rd,Malibu,CA,90265,23375000,4,5.0,Malibu Beach,5085,7186,2021,,4597,,Sold,,,https://www.redfin.com/CA/Malibu/24300-Malibu-Rd-90265/home/22037071,TheMLS,23-314205,N,Y,34.0303783,-118.7045022
PAST SALE,July-15-2025,Single Family Residential,23456 Malibu Colony Rd #88,Malibu,CA,90265,22750000,4,5.0,Malibu Beach,3583,6731,1957,,6349,441,Sold,,,https://www.redfin.com/CA/Malibu/23456-Malibu-Colony-Rd-90265/unit-88/home/181997002,TheMLS,25556217,N,Y,34.0316836,-118.6862465
PAST SALE,July-9-2021,Single Family Residential,23334 Malibu Colony Rd,Malibu,CA,90265,22600000,3,5.0,Malibu Beach,3495,13091,1969,,6466,441,Sold,,,https://www.redfin.com/CA/Malibu/23334-Malibu-Colony-Rd-90265/home/6853258,TheMLS,20-667434,N,Y,34.0311415,-118.6835783
PAST SALE,October-8-2024,Single Family Residential,23450 Malibu Colony Rd,Malibu,CA,90265,22500000,4,6.0,Malibu Beach,4959,7076,1992,,4537,441,Sold,,,https://www.redfin.com/CA/Malibu/23450-Malibu-Colony-Rd-90265/home/6853266,TheMLS,24-385573,N,Y,34.031737,-118.6861123
PAST SALE,September-9-2024,Single Family Residential,23826 Malibu Rd,Malibu,CA,90265,22500000,5,6.0,Malibu Beach,4500,14761,1975,,5000,,Sold,,,https://www.redfin.com/CA/Malibu/23826-Malibu-Rd-90265/home/6854618,TheMLS,24-395063,N,Y,34.0330339,-118.6945733
PAST SALE,March-1-2022,Single Family Residential,23634 Malibu Colony Rd #50,Malibu,CA,90265,22200000,4,7.0,Malibu Beach,3566,7238,,,6225,441,Sold,,,https://www.redfin.com/CA/Malibu/23634-Colony-Rd-90265/unit-50/home/6854583,TheMLS,21-718786,N,Y,34.0325792,-118.6899891
PAST SALE,July-13-2021,Single Family Residential,24824 Pacific Coast Hwy,Malibu,CA,90265,21200000,5,11.0,Malibu,6742,67624,2001,,3144,,Sold,,,https://www.redfin.com/CA/Malibu/24824-Pacific-Coast-Hwy-90265/home/40489346,TheMLS,21-687982,N,Y,34.0326003,-118.7162016
PAST SALE,September-26-2024,Single Family Residential,24844 Malibu Rd,Malibu,CA,90265,21000000,4,5.0,Malibu Beach,4021,5674,2013,,5223,,Sold,,,https://www.redfin.com/CA/Malibu/24844-Malibu-Rd-90265/home/6854719,TheMLS,23-340673,N,Y,34.0316804,-118.716669
PAST SALE,,Single Family Residential,6847 Wildlife Rd,Malibu,CA,90265,20955000,5,8.0,,6594,48851,2020,,3178,,,,,https://www.redfin.com/CA/Malibu/6847-Wildlife-Rd-90265/home/6856197,,,N,Y,34.0141643,-118.7956048
PAST SALE,May-11-2021,Single Family Residential,22514 Pacific Coast Hwy,Malibu,CA,90265,20750000,5,9.0,Malibu Beach,9715,21286,1949,,2136,,Sold,,,https://www.redfin.com/CA/Malibu/22514-E-Pacific-Coast-Hwy-90265/home/160397866,TheMLS,20-631108,N,Y,34.039205,-118.665442
PAST SALE,September-30-2021,Single Family Residential,6625 Zumirez Dr,Malibu,CA,90265,20402152,5,7.0,Malibu,7742,64640,2004,,2635,,Sold,,,https://www.redfin.com/CA/Malibu/6625-Zumirez-Dr-90265/home/6856153,TheMLS,21-734438,N,Y,34.0180023,-118.7945934
PAST SALE,September-15-2023,Single Family Residential,31284 Broad Beach Rd,Malibu,CA,90265,20026000,6,6.0,Malibu Beach,3695,28458,1958,,5420,,Sold,,,https://www.redfin.com/CA/Malibu/31284-Broad-Beach-Rd-90265/home/6858445,TheMLS,23-264253,N,Y,34.0350775,-118.8548218
PAST SALE,,Single Family Residential,31260 Broad Beach Rd,Malibu,CA,90265,20000000,6,6.0,,6242,18037,2013,,3204,,,,,https://www.redfin.com/CA/Malibu/31260-Broad-Beach-Rd-90265/home/6858437,,,N,Y,34.0349028,-118.8539018
PAST SALE,,Single Family Residential,3314 Serra Rd,Malibu,CA,90265,20000000,5,5.0,,11358,170975,2017,,1761,,,,,https://www.redfin.com/CA/Malibu/3314-Serra-Rd-90265/home/6853400,,,N,Y,34.0450768,-118.6789285
PAST SALE,April-16-2021,Single Family Residential,28946 Cliffside Dr,Malibu,CA,90265,19825000,5,5.5,Not Applicable,4095,45430,1961,,4841,,Sold,,,https://www.redfin.com/CA/Malibu/28946-Cliffside-Dr-90265/home/6856249,CRMLS,V1-1517,N,Y,34.0072958,-118.7988545
PAST SALE,November-5-2024,Single Family Residential,31030 Broad Beach Rd,Malibu,CA,90265,19650000,4,5.0,Malibu Beach,4902,13202,1993,,4009,,Sold,,,https://www.redfin.com/CA/Malibu/31030-Broad-Beach-Rd-90265/home/6858415,TheMLS,24-379511,N,Y,34.033267,-118.8494064
PAST SALE,,Single Family Residential,30254 Morning View Dr,Malibu,CA,90265,19000000,5,5.0,,6904,115389,1999,,2752,,,,,https://www.redfin.com/CA/Malibu/30254-Morning-View-Dr-90265/home/6857881,,,N,Y,34.0242414,-118.8297857
PAST SALE,July-28-2025,Single Family Residential,11870 Ellice St,Malibu,CA,90265,19000000,6,11.0,Malibu,20000,43560,2021,,950,83,Sold,,,https://www.redfin.com/CA/Malibu/11870-Ellice-St-90265/home/22825279,TheMLS,25-487823,N,Y,34.0518927,-118.9579272
PAST SALE,September-30-2025,Single Family Residential,23834 Malibu Rd,Malibu,CA,90265,18625000,3,4.0,Malibu Beach,2258,11592,1956,,8248,,Sold,,,https://www.redfin.com/CA/Malibu/23834-Malibu-Rd-90265/home/6854616,TheMLS,25599265,N,Y,34.0331449,-118.6948281
PAST SALE,November-8-2024,Single Family Residential,6238 Bonsall Dr,Malibu,CA,90265,18450000,8,9.0,Malibu,6017,166477,1951,,3066,,Sold,,,https://www.redfin.com/CA/Malibu/6238-Bonsall-Dr-90265/home/6856904,TheMLS,24-414549,N,Y,34.0206654,-118.8137122
PAST SALE,,Single Family Residential,24644 Malibu Rd,Malibu,CA,90265,18000000,4,4.0,,3084,6766,1980,,5837,,,,,https://www.redfin.com/CA/Malibu/24644-Malibu-Rd-90265/home/6854697,,,N,Y,34.0311688,-118.7124906
PAST SALE,September-1-2023,Single Family Residential,23422 Malibu Colony Rd #98,Malibu,CA,90265,18000000,5,4.0,Malibu Beach,4455,8792,1963,,4040,525,Sold,,,https://www.redfin.com/CA/Malibu/23422-Malibu-Colony-Rd-90265/unit-98/home/6853271,TheMLS,22-188017,N,Y,34.0315445,-118.6851822
PAST SALE,October-14-2025,Single Family Residential,27218 Pacific Coast Hwy,Malibu,CA,90265,17600000,3,4.0,Malibu Beach,3829,8493,1965,,4597,,Sold,,,https://www.redfin.com/CA/Malibu/27218-Pacific-Coast-Hwy-90265/home/6855636,TheMLS,25574143,N,Y,34.0253846,-118.7668287
PAST SALE,,Vacant Land,31705 Charles Rd,Malibu,CA,90265,17600000,,,,,8102,,,,,,,,https://www.redfin.com/CA/Malibu/31705-Charles-Rd-90265/home/23107904,,,N,Y,34.091551,-118.819235
PAST SALE,July-28-2021,Single Family Residential,11658 Ellice St,Malibu,CA,90265,17500000,6,10.0,Malibu,12123,48175,2020,,1444,525,Sold,,,https://www.redfin.com/CA/Malibu/11658-Ellice-St-90265/home/22824297,TheMLS,20-665692,N,Y,34.0536511,-118.9619314
PAST SALE,,Single Family Residential,25160 Malibu Rd Unit B,Malibu,CA,90265,17450000,6,4.0,,3210,6400,1957,,5436,,,,,https://www.redfin.com/CA/Malibu/25160-Malibu-Rd-90265/unit-B/home/6855213,,,N,Y,34.032024,-118.7231031
PAST SALE,October-5-2021,Single Family Residential,25160 Malibu Rd,Malibu,CA,90265,17450000,4,5.0,Malibu Beach,4699,6398,,,3714,,Sold,,,https://www.redfin.com/CA/Malibu/25160-Malibu-Rd-90265/home/180090705,TheMLS,21-749230,N,Y,34.0320855,-118.7230762
PAST SALE,September-16-2025,Single Family Residential,24420 Malibu Rd,Malibu,CA,90265,17000000,4,6.0,Malibu Beach,5415,6268,2010,,3139,,Sold,,,https://www.redfin.com/CA/Malibu/24420-Malibu-Rd-90265/home/17953478,TheMLS,25584325,N,Y,34.0298783,-118.7072212
PAST SALE,March-23-2026,Single Family Residential,23618 Malibu Colony Rd #56,Malibu,CA,90265,16900000,3,3.0,Malibu Beach,2030,7855,1931,,8325,800,Sold,,,https://www.redfin.com/CA/Malibu/23618-Malibu-Colony-Rd-90265/unit-56/home/79033097,TheMLS,26646085,N,Y,34.0324544,-118.6893448
PAST SALE,,Single Family Residential,30842 Broad Beach Rd,Malibu,CA,90265,16750000,3,3.0,,3240,18422,1985,,5170,,,,,https://www.redfin.com/CA/Malibu/30842-Broad-Beach-Rd-90265/home/6858379,,,N,Y,34.0313195,-118.8452878
PAST SALE,October-26-2023,Single Family Residential,30804 Broad Beach Rd,Malibu,CA,90265,16700000,5,5.0,Malibu Beach,5413,18007,1978,,3085,,Sold,,,https://www.redfin.com/CA/Malibu/30804-Broad-Beach-Rd-90265/home/6858400,TheMLS,23-285807,N,Y,34.030976,-118.8441328
PAST SALE,May-31-2024,Single Family Residential,23768 Malibu Rd,Malibu,CA,90265,16550000,4,5.0,Malibu Beach,3847,10563,1974,,4302,,Sold,,,https://www.redfin.com/CA/Malibu/23768-Malibu-Rd-90265/home/6854592,TheMLS,23-266689,N,Y,34.0333944,-118.6935553
PAST SALE,March-3-2026,Single Family Residential,22616 Pacific Coast Hwy,Malibu,CA,90265,16500000,6,7.0,Malibu Beach,8843,6976,1993,,1866,,Sold,,,https://www.redfin.com/CA/Malibu/22616-Pacific-Coast-Hwy-90265/home/6853145,TheMLS,26661727,N,Y,34.0391478,-118.6675478
PAST SALE,,Single Family Residential,23456 Malibu Colony Rd #88,Malibu,CA,90265,16450000,4,5.0,,2244,6731,1957,,7331,,,,,https://www.redfin.com/CA/Malibu/23456-Malibu-Colony-Rd-90265/unit-88/home/6853261,,,N,Y,34.0317038,-118.6862264
PAST SALE,August-26-2021,Single Family Residential,29042 Cliffside Dr,Malibu,CA,90265,16100000,5,5.0,Malibu Beach,6753,46183,1973,,2384,,Sold,,,https://www.redfin.com/CA/Malibu/29042-Cliffside-Dr-90265/home/6856257,TheMLS,20-662560,N,Y,34.0065833,-118.8016888
PAST SALE,July-28-2021,Single Family Residential,28929 Bison Ct,Malibu,CA,90265,16000000,6,5.0,Malibu,,78364,2001,,,,Sold,,,https://www.redfin.com/CA/Malibu/28929-Bison-Ct-90265/home/6856297,TheMLS,21-736632,N,Y,34.0110568,-118.7996616
PAST SALE,July-1-2021,Single Family Residential,27715 Pacific Coast Hwy,Malibu,CA,90265,16000000,0,,Malibu,11000,293560,1991,,1455,,Sold,,,https://www.redfin.com/CA/Malibu/27715-Pacific-Coast-Hwy-90265/home/6855313,TheMLS,20-577090,N,Y,34.0260382,-118.7770721
PAST SALE,January-6-2023,Single Family Residential,11802 Ellice St,Malibu,CA,90265,15995000,6,6.0,Malibu,6555,43605,2010,,2440,540,Sold,,,https://www.redfin.com/CA/Malibu/11802-Ellice-St-90265/home/22829776,TheMLS,21-792522,N,Y,34.0524098,-118.9591146
PAST SALE,May-28-2021,Single Family Residential,26944 Malibu Cove Colony Dr,Malibu,CA,90265,15585000,5,6.0,Malibu Beach,4262,6872,1963,,3657,500,Sold,,,https://www.redfin.com/CA/Malibu/26944-Malibu-Cove-Colony-Dr-90265/home/6855590,TheMLS,21-721942,N,Y,34.0257375,-118.7596755
PAST SALE,January-3-2024,Single Family Residential,3881 Puerco Canyon Rd,Malibu,CA,90265,15500000,5,6.0,Malibu,6735,41588,2021,,2301,,Sold,,,https://www.redfin.com/CA/Malibu/3881-Puerco-Canyon-Rd-90265/home/22605129,TheMLS,23-322513,N,Y,34.0354564,-118.720963
PAST SALE,March-27-2024,Single Family Residential,31228 Broad Beach Rd,Malibu,CA,90265,15500000,6,5.0,Malibu Beach,,15824,1954,,,,Sold,,,https://www.redfin.com/CA/Malibu/31228-Broad-Beach-Rd-90265/home/6858433,TheMLS,24-364113,N,Y,34.0347566,-118.8528436
PAST SALE,August-30-2024,Single Family Residential,23921 Malibu Rd,Malibu,CA,90265,15500000,6,8.0,Malibu,7334,43403,2023,,2113,1830,Sold,,,https://www.redfin.com/CA/Malibu/23921-Malibu-Rd-90265/home/143515360,TheMLS,24-402339,N,Y,34.0332473,-118.6965544
PAST SALE,,Single Family Residential,6737 Wildlife Rd,Malibu,CA,90265,15499000,3,3.0,,2365,57668,1957,,6553,,,,,https://www.redfin.com/CA/Malibu/6737-Wildlife-Rd-90265/home/6856211,,,N,Y,34.0164194,-118.7970891
PAST SALE,June-25-2021,Single Family Residential,3350 Serra Rd,Malibu,CA,90265,15400000,4,6.0,Malibu,7247,71866,,,2125,325,Sold,,,https://www.redfin.com/CA/Malibu/3350-Serra-Rd-90265/home/6853401,TheMLS,20-672620,N,Y,34.0446729,-118.6794395
PAST SALE,October-18-2023,Single Family Residential,6930 Dume Dr,Malibu,CA,90265,15360000,8,8.0,Malibu,7683,45964,1958,,1999,,Sold,,,https://www.redfin.com/CA/Malibu/6930-Dume-Dr-90265/home/6856381,TheMLS,23-263107,N,Y,34.0118666,-118.8056307
PAST SALE,March-10-2026,Single Family Residential,11809 Ellice St,Malibu,CA,90265,15300000,6,12.0,Malibu,16489,87120,2023,,928,600,Sold,,,https://www.redfin.com/CA/Malibu/11809-Ellice-St-90265/home/57337880,TheMLS,25556027,N,Y,34.053267,-118.9588054
PAST SALE,February-15-2024,Single Family Residential,31504 Victoria Point Rd,Malibu,CA,90265,15256250,4,6.0,Malibu Beach,,11014,1976,,,,Sold,,,https://www.redfin.com/CA/Malibu/31504-Victoria-Point-Rd-90265/home/6858473,TheMLS,23-309307,N,Y,34.0356544,-118.8602671
PAST SALE,October-17-2022,Single Family Residential,29122 Cliffside Dr,Malibu,CA,90265,15000000,1,1.0,Malibu Beach,1701,43216,1972,,8818,,Sold,,,https://www.redfin.com/CA/Malibu/29122-Cliffside-Dr-90265/home/6857259,TheMLS,22-172799,N,Y,34.0059606,-118.8031367
PAST SALE,,Single Family Residential,30145 Morning View Dr,Malibu,CA,90265,15000000,7,10.0,,11425,237086,2013,,1313,,,,,https://www.redfin.com/CA/Malibu/30145-Morning-View-Dr-90265/home/23107014,,,N,Y,34.022528,-118.8250371
PAST SALE,August-22-2025,Single Family Residential,32496 Pacific Coast Hwy,Malibu,CA,90265,14797000,4,4.0,Malibu Beach,,80290,1996,,,,Sold,,,https://www.redfin.com/CA/Malibu/32496-Pacific-Coast-Hwy-90265/home/6858942,TheMLS,25512791,N,Y,34.0392266,-118.8820759
PAST SALE,April-21-2023,Single Family Residential,27140 Malibu Cove Colony Dr,Malibu,CA,90265,14750000,5,6.0,Malibu Beach,4763,9481,1998,,3097,,Sold,,,https://www.redfin.com/CA/Malibu/27140-Malibu-Cove-Colony-Dr-90265/home/6855628,TheMLS,22-220605,N,Y,34.0254671,-118.7651828
PAST SALE,April-16-2021,Single Family Residential,21606 Pacific Coast Hwy,Malibu,CA,90265,14730000,4,4.0,Malibu Beach,3763,10979,1996,,3914,,Sold,,,https://www.redfin.com/CA/Malibu/21606-Pacific-Coast-Hwy-90265/home/6852748,TheMLS,21-713034,N,Y,34.0384612,-118.6451886
PAST SALE,June-3-2021,Single Family Residential,29917 Pacific Coast Hwy,Malibu,CA,90265,14600000,7,11.0,Malibu,8759,176363,2016,,1667,,Sold,,,https://www.redfin.com/CA/Malibu/29917-Pacific-Coast-Hwy-90265/home/18998917,TheMLS,21-701490,N,Y,34.0194356,-118.8258287
PAST SALE,,Single Family Residential,31721 Sea Level Dr,Malibu,CA,90265,14500000,4,6.0,,4716,3965,1990,,3075,,,,,https://www.redfin.com/CA/Malibu/31721-Sea-Level-Dr-90265/home/6858591,,,N,Y,34.0362637,-118.8657526
PAST SALE,February-21-2025,Single Family Residential,23622 Malibu Colony Rd,Malibu,CA,90265,14500000,4,4.0,Malibu Beach,3100,6808,1931,,4677,441,Sold,,,https://www.redfin.com/CA/Malibu/23622-Malibu-Colony-Rd-90265/unit-54/home/6854587,TheMLS,24-409229,N,Y,34.0324709,-118.6895892
PAST SALE,July-13-2023,Single Family Residential,31240 Broad Beach Rd,Malibu,CA,90265,14500000,4,5.0,Malibu Beach,,16086,,,,,Sold,,,https://www.redfin.com/CA/Malibu/31240-Broad-Beach-Rd-90265/home/6858436,TheMLS,22-208971,N,Y,34.0346578,-118.8533009
PAST SALE,December-30-2021,Single Family Residential,6763 Zumirez Dr,Malibu,CA,90265,14450000,7,8.0,Malibu,6353,63951,2001,,2275,,Sold,,,https://www.redfin.com/CA/Malibu/6763-Zumirez-Dr-90265/home/6856134,TheMLS,21-728816,N,Y,34.0162508,-118.7930983
PAST SALE,,Single Family Residential,6950 Dume Dr,Malibu,CA,90265,14400000,5,7.0,,5338,44849,2008,,2698,,,,,https://www.redfin.com/CA/Malibu/6950-Dume-Dr-90265/home/6856380,,,N,Y,34.0116282,-118.806099
PAST SALE,August-8-2022,Single Family Residential,28804 Bison Ct,Malibu,CA,90265,14350000,5,5.0,Malibu,,82013,,,,,Sold,,,https://www.redfin.com/CA/Malibu/28804-Bison-Ct-90265/home/6856271,TheMLS,22-142405,N,Y,34.0091764,-118.7972687
PAST SALE,November-24-2021,Single Family Residential,31444 Broad Beach Rd,Malibu,CA,90265,14174000,6,7.0,Malibu Beach,8072,11310,1995,,1756,,Sold,,,https://www.redfin.com/CA/Malibu/31444-Broad-Beach-Rd-90265/home/6858497,TheMLS,21-794084,N,Y,34.0358083,-118.8592081
PAST SALE,,Single Family Residential,6861 Wildlife Rd,Malibu,CA,90265,14000000,4,3.0,,3356,64603,1956,,4172,,,,,https://www.redfin.com/CA/Malibu/6861-Wildlife-Rd-90265/home/6856195,,,N,Y,34.0138046,-118.7950174
PAST SALE,,Single Family Residential,30940 Broad Beach Rd,Malibu,CA,90265,14000000,3,3.0,,2480,15604,1961,,5645,,,,,https://www.redfin.com/CA/Malibu/30940-Broad-Beach-Rd-90265/home/6858396,,,N,Y,34.032356,-118.8472912
PAST SALE,August-5-2025,Vacant Land,22102 Pacific Coast Hwy,Malibu,CA,90265,14000000,,,Malibu Beach,,12630,,,,,Sold,,,https://www.redfin.com/CA/Malibu/22102-Pacific-Coast-Hwy-90265/home/6852803,TheMLS,25504213,N,Y,34.0387278,-118.6558756
PAST SALE,,Single Family Residential,3426 Serra Rd,Malibu,CA,90265,14000000,4,3.0,,3819,55294,1965,,3666,,,,,https://www.redfin.com/CA/Malibu/3426-Serra-Rd-90265/home/6853402,,,N,Y,34.044094,-118.6791171
PAST SALE,July-9-2024,Single Family Residential,31008 Broad Beach Rd,Malibu,CA,90265,13990000,3,4.0,Malibu Beach,,13919,1956,,,,Sold,,,https://www.redfin.com/CA/Malibu/31008-Broad-Beach-Rd-90265/home/6858409,TheMLS,24-383851,N,Y,34.0328839,-118.8487381
PAST SALE,June-30-2021,Single Family Residential,7145 Fernhill Dr,Malibu,CA,90265,13850000,3,5.0,Malibu,5020,69874,,,2759,,Sold,,,https://www.redfin.com/CA/Malibu/7145-Fernhill-Dr-90265/home/6856326,TheMLS,21-738526,N,Y,34.008357,-118.8018744
PAST SALE,May-29-2025,Single Family Residential,22202 Pacific Coast Hwy,Malibu,CA,90265,13850000,4,4.0,Malibu Beach,3284,10716,1955,,4217,,Sold,,,https://www.redfin.com/CA/Malibu/22202-Pacific-Coast-Hwy-90265/home/6852833,TheMLS,25525003,N,Y,34.0388999,-118.6582681
PAST SALE,July-11-2025,Vacant Land,21348 Pacific Coast Hwy,Malibu,CA,90265,13800000,,,Malibu Beach,,14837,,,,,Sold,,,https://www.redfin.com/CA/Malibu/21348-Pacific-Coast-Hwy-90265/home/6852719,TheMLS,25564295,N,Y,34.0373646,-118.6399019
PAST SALE,,Single Family Residential,33340 Pacific Coast Hwy,Malibu,CA,90265,13750000,4,5.0,,3268,14551,2005,,4207,,,,,https://www.redfin.com/CA/Malibu/33340-Pacific-Coast-Hwy-90265/home/12266296,,,N,Y,34.0413619,-118.9010183
PAST SALE,October-11-2022,Single Family Residential,30870 Broad Beach Rd,Malibu,CA,90265,13700000,3,4.0,Malibu Beach,3293,15606,1989,,4160,,Sold,,,https://www.redfin.com/CA/Malibu/30870-Broad-Beach-Rd-90265/home/6858386,TheMLS,22-199437,N,Y,34.0317396,-118.8460129
PAST SALE,,Single Family Residential,31026 Broad Beach Rd,Malibu,CA,90265,13650000,1,4.0,,2551,13053,1946,,5351,,,,,https://www.redfin.com/CA/Malibu/31026-Broad-Beach-Rd-90265/home/6858414,,,N,Y,34.033405,-118.8491393
PAST SALE,September-22-2023,Single Family Residential,31516 Victoria Point Rd,Malibu,CA,90265,13600000,4,5.0,Malibu Beach,4335,8938,1988,,3137,,Sold,,,https://www.redfin.com/CA/Malibu/31516-Victoria-Point-Rd-90265/home/6858471,TheMLS,23-276651,N,Y,34.0355779,-118.8607748
PAST SALE,,Single Family Residential,28955 Selfridge Dr,Malibu,CA,90265,13555000,4,5.0,,5558,43808,1980,,2439,,,,,https://www.redfin.com/CA/Malibu/28955-Selfridge-Dr-90265/home/6856462,,,N,Y,34.0188588,-118.8030143
PAST SALE,,Single Family Residential,27033 Sea Vista Dr,Malibu,CA,90265,13500000,5,5.0,,5555,61207,1990,,2430,,,,,https://www.redfin.com/CA/Malibu/27033-Sea-Vista-Dr-90265/home/6855422,,,N,Y,34.0289054,-118.7619492
PAST SALE,February-9-2024,Single Family Residential,33604 Pacific Coast Hwy,Malibu,CA,90265,13500000,6,6.0,Malibu Beach,,31809,1974,,,,Sold,,,https://www.redfin.com/CA/Malibu/33604-Pacific-Coast-Hwy-90265/home/6859008,TheMLS,23-271072,N,Y,34.0422481,-118.9078839
PAST SALE,January-9-2024,Single Family Residential,5721 Bonsall Dr,Malibu,CA,90265,13355214,5,5.0,Malibu,5497,321969,1989,,2430,,Sold,,,https://www.redfin.com/CA/Malibu/5721-Bonsall-Dr-90265/home/6856936,TheMLS,23-333641,N,Y,34.0302202,-118.813813
PAST SALE,April-11-2022,Single Family Residential,3910 Villa Costera,Malibu,CA,90265,13325000,4,5.0,Malibu,,186992,,,,,Sold,,,https://www.redfin.com/CA/Malibu/3910-Villa-Costera-90265/home/6852907,TheMLS,21-108757,N,Y,34.0410492,-118.6474236
PAST SALE,,Single Family Residential,25006 Malibu Rd,Malibu,CA,90265,12900000,4,3.0,,2520,8169,1957,,5119,,,,,https://www.redfin.com/CA/Malibu/25006-Malibu-Rd-90265/home/6854738,,,N,Y,34.0316943,-118.7200162
PAST SALE,July-11-2025,Vacant Land,21602 Pacific Coast Hwy,Malibu,CA,90265,12800000,,,Malibu,,14342,,,,,Sold,,,https://www.redfin.com/CA/Malibu/21602-Pacific-Coast-Hwy-90265/home/6852749,TheMLS,25564297,N,Y,34.0384817,-118.6449598
PAST SALE,December-15-2022,Single Family Residential,6156 Ramirez Canyon Rd,Malibu,CA,90265,12780000,7,9.0,Malibu,10000,191503,2018,,1278,,Sold,,,https://www.redfin.com/CA/Malibu/6156-Ramirez-Canyon-Rd-90265/home/22280074,TheMLS,22-128433,N,Y,34.0305348,-118.7858882
PAST SALE,December-22-2025,Single Family Residential,6453 Guernsey Ave,Malibu,CA,90265,12700000,4,4.0,Malibu,3455,27483,1968,,3676,,Sold,,,https://www.redfin.com/CA/Malibu/6453-Guernsey-Ave-90265/home/6857988,TheMLS,25610713,N,Y,34.0289549,-118.8392725
PAST SALE,March-1-2024,Single Family Residential,22575 Carbon Mesa Rd,Malibu,CA,90265,12700000,4,4.0,Malibu,3989,95337,1955,,3184,58,Sold,,,https://www.redfin.com/CA/Malibu/22575-Carbon-Mesa-Rd-90265/home/6852845,TheMLS,23-298445,N,Y,34.0409493,-118.6557521
PAST SALE,November-4-2021,Single Family Residential,31224 Broad Beach Rd,Malibu,CA,90265,12500000,6,6.0,Malibu Beach,,16558,1955,,,,Sold,,,https://www.redfin.com/CA/Malibu/31224-Broad-Beach-Rd-90265/home/6858432,TheMLS,21-775312,N,Y,34.0346122,-118.8527669
PAST SALE,June-9-2021,Single Family Residential,25152 Malibu Rd,Malibu,CA,90265,12500000,5,5.0,Malibu Beach,3107,6644,1957,,4023,,Sold,,,https://www.redfin.com/CA/Malibu/25152-Malibu-Rd-90265/home/180089587,TheMLS,21-747046,N,Y,34.0320567,-118.7227022
PAST SALE,,Multi-Family (2-4 Unit),25150 Malibu Rd,Malibu,CA,90265,12500000,5,5.0,,3107,6646,1957,,4023,,,,,https://www.redfin.com/CA/Malibu/25150-Malibu-Rd-90265/home/6855211,,,N,Y,34.0319733,-118.7227605
PAST SALE,October-19-2021,Single Family Residential,6020 Bonsall Dr,Malibu,CA,90265,12500000,7,8.0,Malibu,10261,129890,2001,,1218,,Sold,,,https://www.redfin.com/CA/Malibu/6020-Bonsall-Dr-90265/home/6856923,TheMLS,21-770032,N,Y,34.0248854,-118.809785
PAST SALE,January-14-2022,Single Family Residential,24683 Pacific Coast Hwy,Malibu,CA,90265,12375000,4,5.0,Malibu,7800,76818,2015,,1587,,Sold,,,https://www.redfin.com/CA/Malibu/24683-Pacific-Coast-Hwy-90265/home/21997052,TheMLS,21-733458,N,Y,34.0347745,-118.7116793
PAST SALE,November-4-2024,Single Family Residential,6653 Zumirez Dr,Malibu,CA,90265,12375000,4,3.0,Malibu,3436,43604,1978,,3602,,Sold,,,https://www.redfin.com/CA/Malibu/6653-Zumirez-Dr-90265/home/6856167,TheMLS,24-431627,N,Y,34.0171476,-118.7941056
PAST SALE,January-19-2022,Single Family Residential,24314 Malibu Rd,Malibu,CA,90265,12250000,4,5.0,Malibu Beach,4167,6324,1946,,2940,,Sold,,,https://www.redfin.com/CA/Malibu/24314-Malibu-Rd-90265/home/6854660,TheMLS,21-751482,N,Y,34.0303132,-118.704801
PAST SALE,December-12-2022,Single Family Residential,42460 Pacific Coast Hwy,Malibu,CA,90265,12250000,5,4.5,Malibu,5049,58444,,,2426,,Sold,,,https://www.redfin.com/CA/Malibu/42460-Pacific-Coast-Hwy-90265/home/196233129,SDMLS,22-144107,N,Y,34.0533346,-118.9649042
PAST SALE,December-12-2022,Single Family Residential,42460 Pacific Coast Hwy,Malibu,CA,90265,12250000,5,5.0,Malibu Beach,5049,58445,,,2426,,Sold,,,https://www.redfin.com/CA/Malibu/42460-E-Pacific-Coast-Hwy-90265/home/179328777,TheMLS,22-144107,N,Y,34.0534643,-118.9640071
PAST SALE,September-13-2023,Single Family Residential,6097 Murphy Way,Malibu,CA,90265,12223000,6,7.0,Malibu,10000,740520,2019,,1222,,Sold,,,https://www.redfin.com/CA/Malibu/6097-Murphy-Way-90265/home/79041913,TheMLS,23-266019,N,Y,34.0328038,-118.7835191
PAST SALE,July-12-2021,Other,31460 Broad Beach Rd,Malibu,CA,90265,12175000,1,1.0,Malibu Beach,1,11385,1900,,12175000,,Sold,,,https://www.redfin.com/CA/Malibu/31460-Broad-Beach-Rd-90265/home/6858494,TheMLS,21-729206,N,Y,34.0357624,-118.8597259
PAST SALE,August-11-2021,Single Family Residential,31508 Victoria Point Rd,Malibu,CA,90265,12114000,5,5.0,Malibu Beach,3307,9917,1970,,3663,,Sold,,,https://www.redfin.com/CA/Malibu/31508-Victoria-Point-Rd-90265/home/6858472,TheMLS,21-723824,N,Y,34.0356095,-118.8606361
PAST SALE,March-11-2025,Single Family Residential,26822 Malibu Cove Colony Rd,Malibu,CA,90265,12000000,3,5.0,Malibu Beach,4278,6570,1989,,2805,842,Sold,,,https://www.redfin.com/CA/Malibu/26822-Malibu-Cove-Colony-Dr-90265/home/6855605,TheMLS,25-476479,N,Y,34.0259735,-118.7571081
PAST SALE,December-19-2025,Single Family Residential,26520 Latigo Shore Dr,Malibu,CA,90265,12000000,4,5.0,Malibu Beach,3519,8724,2000,,3410,308,Sold,,,https://www.redfin.com/CA/Malibu/26520-Latigo-Shore-Dr-90265/home/6855543,TheMLS,25566531,N,Y,34.0303001,-118.751658
PAST SALE,April-9-2021,Single Family Residential,7085 Birdview Ave,Malibu,CA,90265,12000000,4,6.0,Malibu Beach,5635,28211,1980,,2130,,Sold,,,https://www.redfin.com/CA/Malibu/7085-Birdview-Ave-90265/home/6857519,TheMLS,21-693536,N,Y,34.0081872,-118.8135396
PAST SALE,,Single Family Residential,6728 Zumirez Dr,Malibu,CA,90265,11900000,4,4.0,,3116,60092,1956,,3819,,,,,https://www.redfin.com/CA/Malibu/6728-Zumirez-Dr-90265/home/6856118,,,N,Y,34.0176619,-118.7916767
PAST SALE,August-3-2021,Single Family Residential,23445 Malibu Colony Rd,Malibu,CA,90265,11805000,4,5.0,Malibu,3252,6324,1959,,3630,450,Sold,,,https://www.redfin.com/CA/Malibu/23445-Malibu-Colony-Rd-90265/home/6853285,TheMLS,21-700468,N,Y,34.0320735,-118.6856542
PAST SALE,,Single Family Residential,23146 Mariposa de Oro St,Malibu,CA,90265,11700000,6,5.0,,4898,28176,1977,,2389,,,,,https://www.redfin.com/CA/Malibu/23146-Mariposa-de-Oro-St-90265/home/6853334,,,N,Y,34.043367,-118.6812745
PAST SALE,May-10-2021,Single Family Residential,23111 Mariposa De Oro St,Malibu,CA,90265,11690000,5,7.0,Malibu,7480,53820,,,1563,350,Sold,,,https://www.redfin.com/CA/Malibu/23111-Mariposa-de-Oro-St-90265/home/6853315,TheMLS,20-669956,N,Y,34.0439637,-118.680209
PAST SALE,October-10-2025,Single Family Residential,27368 Escondido Beach Rd,Malibu,CA,90265,11650000,5,6.0,Malibu Beach,6640,6858,2009,,1755,,Sold,,,https://www.redfin.com/CA/Malibu/27368-Escondido-Beach-Rd-90265/home/194843047,TheMLS,25566813,N,Y,34.0246836,-118.7702637
PAST SALE,June-20-2023,Single Family Residential,24254 Malibu Rd,Malibu,CA,90265,11575000,3,4.0,Malibu Beach,3153,7150,1979,,3671,,Sold,,,https://www.redfin.com/CA/Malibu/24254-Malibu-Rd-90265/home/6854658,TheMLS,23-246697,N,Y,34.0305134,-118.7039204
PAST SALE,June-7-2024,Vacant Land,32232 Pacific Coast Hwy,Malibu,CA,90265,11500000,,,Malibu Beach,,96541,,,,,Sold,,,https://www.redfin.com/CA/Malibu/32232-Pacific-Coast-Hwy-90265/home/6858932,TheMLS,22-221819,N,Y,34.038624,-118.8771908
PAST SALE,March-7-2023,Single Family Residential,30227 Pacific Coast Hwy,Malibu,CA,90265,11500000,6,7.0,Malibu,5937,33402,,,1937,,Sold,,,https://www.redfin.com/CA/Malibu/30227-Pacific-Coast-Hwy-90265/home/6857897,TheMLS,22-204601,N,Y,34.0244244,-118.8314963
PAST SALE,November-19-2025,Single Family Residential,3511 Cross Creek Ln,Malibu,CA,90265,11440000,4,6.0,Malibu,5505,53936,1972,,2078,458,Sold,,,https://www.redfin.com/CA/Malibu/3511-Cross-Creek-Ln-90265/home/6853330,TheMLS,25533497,N,Y,34.0426745,-118.6829891
PAST SALE,March-10-2022,Single Family Residential,7341 Birdview Ave,Malibu,CA,90265,11400000,3,5.0,Malibu Beach,5000,25305,1978,,2280,,Sold,,,https://www.redfin.com/CA/Malibu/7341-Birdview-Ave-90265/home/6857550,TheMLS,22-123111,N,Y,34.0039291,-118.8090811
PAST SALE,February-24-2026,Single Family Residential,28779 Sea Ranch Way,Malibu,CA,90265,11275000,5,4.0,Malibu,3533,26709,1979,,3191,,Sold,,,https://www.redfin.com/CA/Malibu/28779-Sea-Ranch-Way-90265/home/6856227,TheMLS,25588411,N,Y,34.0148021,-118.7977581
PAST SALE,October-31-2025,Single Family Residential,27403 Pacific Coast Hwy,Malibu,CA,90265,11200000,7,10.0,Malibu,8744,113292,1943,,1281,,Sold,,,https://www.redfin.com/CA/Malibu/27403-Pacific-Coast-Hwy-90265/home/6855322,TheMLS,25561601,N,Y,34.0262502,-118.7714812
PAST SALE,December-29-2022,Single Family Residential,25110 Malibu Rd,Malibu,CA,90265,11175000,4,5.0,Malibu Beach,2491,9300,1954,,4486,,Sold,,,https://www.redfin.com/CA/Malibu/25110-Malibu-Rd-90265/home/6855209,TheMLS,22-166145,N,Y,34.0318053,-118.7214096
PAST SALE,December-7-2022,Single Family Residential,23649 Malibu Colony Rd,Malibu,CA,90265,11100000,4,4.0,Malibu,3653,7610,1980,,3039,441,Sold,,,https://www.redfin.com/CA/Malibu/23649-Malibu-Colony-Rd-90265/unit-1/home/6854543,TheMLS,22-185647,N,Y,34.0330955,-118.6902597
PAST SALE,December-28-2021,Single Family Residential,27050 Malibu Cove Colony Dr,Malibu,CA,90265,11000000,5,4.0,Malibu Beach,3816,8050,1974,,2883,417,Sold,,,https://www.redfin.com/CA/Malibu/27050-Malibu-Cove-Colony-Dr-90265/home/6855617,TheMLS,21-101861,N,Y,34.0257441,-118.7622282
PAST SALE,October-14-2025,Single Family Residential,3229 Rambla Pacifico,Malibu,CA,90265,11000000,7,10.5,C33 - Malibu,8272,373744,2001,,1330,,Sold,,,https://www.redfin.com/CA/Malibu/3229-Rambla-Pacifico-90265/home/6852910,CRMLS,SR25116353,N,Y,34.042143,-118.650009
PAST SALE,September-27-2024,Single Family Residential,5901 Filaree Hts,Malibu,CA,90265,11000000,4,4.0,Malibu,4200,44918,1973,,2619,,Sold,,,https://www.redfin.com/CA/Malibu/5901-Filaree-Hts-90265/home/6857796,TheMLS,24-378411,N,Y,34.0289182,-118.8278247
PAST SALE,,Single Family Residential,24212 Malibu Rd,Malibu,CA,90265,10995000,2,2.0,,1781,6307,1952,,6173,,,,,https://www.redfin.com/CA/Malibu/24212-Malibu-Rd-90265/home/6854652,,,N,Y,34.0308168,-118.7026034
PAST SALE,June-25-2025,Single Family Residential,6709 Zumirez Dr,Malibu,CA,90265,10979100,3,5.0,Malibu,3580,45194,,,3067,,Sold,,,https://www.redfin.com/CA/Malibu/6709-Zumirez-Dr-90265/home/6856154,TheMLS,25531275,N,Y,34.0175911,-118.7931028
PAST SALE,,Single Family Residential,31324 Broad Beach Rd,Malibu,CA,90265,10975000,2,2.0,,2533,12282,1972,,4333,,,,,https://www.redfin.com/CA/Malibu/31324-Broad-Beach-Rd-90265/home/6858462,,,N,Y,34.0352733,-118.8557409
PAST SALE,January-18-2024,Single Family Residential,22407 Carbon Mesa Rd,Malibu,CA,90265,10891014,5,5.0,Malibu,5323,89300,2008,,2046,,Sold,,,https://www.redfin.com/CA/Malibu/22407-Carbon-Mesa-Rd-90265/home/6852921,TheMLS,23-323431,N,Y,34.0436002,-118.6581973
PAST SALE,April-25-2022,Single Family Residential,23038 Pacific Coast Hwy,Malibu,CA,90265,10800000,2,3.0,Malibu Beach,1597,4985,1955,,6763,,Sold,,,https://www.redfin.com/CA/Malibu/23038-Pacific-Coast-Hwy-90265/home/6853239,TheMLS,22-126909,N,Y,34.0366672,-118.677606
PAST SALE,October-29-2025,Single Family Residential,6172 Bonsall Dr,Malibu,CA,90265,10750000,4,4.0,Malibu,5261,68031,1949,,2043,,Sold,,,https://www.redfin.com/CA/Malibu/6172-Bonsall-Dr-90265/home/6856906,TheMLS,25592879,N,Y,34.0216474,-118.8136953
PAST SALE,October-15-2025,Single Family Residential,6530 Zuma View Pl,Malibu,CA,90265,10712000,4,5.0,Malibu,4850,44518,2020,,2209,,Sold,,,https://www.redfin.com/CA/Malibu/6530-Zuma-View-Pl-90265/home/17527630,TheMLS,25560733,N,Y,34.0206013,-118.7923967
PAST SALE,October-11-2022,Single Family Residential,21414 Pacific Coast Hwy,Malibu,CA,90265,10660000,4,3.0,Malibu Beach,2212,6952,1958,,4819,,Sold,,,https://www.redfin.com/CA/Malibu/21414-Pacific-Coast-Hwy-90265/home/6852769,TheMLS,22-169301,N,Y,34.0377294,-118.6410627
PAST SALE,September-28-2022,Single Family Residential,1401 Corral Canyon Rd,Malibu,CA,90265,10650000,5,7.0,Malibu,6782,9829910,2000,,1570,,Sold,,,https://www.redfin.com/CA/Malibu/1401-Corral-Canyon-Rd-90265/home/6855741,TheMLS,22-175169,N,Y,34.0639355,-118.7528938
PAST SALE,March-25-2022,Single Family Residential,6907 Grasswood Ave,Malibu,CA,90265,10625000,5,5.0,Malibu,5179,52568,2012,,2052,,Sold,,,https://www.redfin.com/CA/Malibu/6907-Grasswood-Ave-90265/home/6856383,TheMLS,21-765154,N,Y,34.0128585,-118.8046721
PAST SALE,January-20-2023,Vacant Land,23644 Malibu Rd,Malibu,CA,90265,10600000,,,Malibu,,152460,,,,,Sold,,,https://www.redfin.com/CA/Malibu/23644-Malibu-Rd-90265/home/188214262,SDMLS,19-527192,N,Y,34.033476,-118.689087
PAST SALE,January-20-2023,Vacant Land,23644 Malibu Rd,Malibu,CA,90265,10600000,,,Malibu,,156073,,,,,Sold,,,https://www.redfin.com/CA/Malibu/23644-Malibu-Rd-90265/home/22752564,TheMLS,19-527192,N,Y,34.033476,-118.689087
PAST SALE,July-5-2023,Single Family Residential,7319 Birdview Ave,Malibu,CA,90265,10595000,3,4.0,Malibu,2727,11214,1961,,3885,,Sold,,,https://www.redfin.com/CA/Malibu/7319-Birdview-Ave-90265/home/6857539,TheMLS,23-250395,N,Y,34.0045699,-118.8091498
PAST SALE,May-4-2022,Single Family Residential,24320 Malibu Rd,Malibu,CA,90265,10500000,4,4.0,Malibu Beach,2782,6473,1972,,3774,,Sold,,,https://www.redfin.com/CA/Malibu/24320-Malibu-Rd-90265/home/6854661,TheMLS,22-151381,N,Y,34.0302029,-118.7050478
PAST SALE,May-26-2023,Single Family Residential,7015 Grasswood Ave,Malibu,CA,90265,10500000,5,7.0,Malibu,6777,52837,2001,,1549,,Sold,,,https://www.redfin.com/CA/Malibu/7015-Grasswood-Ave-90265/home/6856371,TheMLS,22-220975,N,Y,34.0104438,-118.804703
PAST SALE,,Single Family Residential,5825 Murphy Way,Malibu,CA,90265,10500000,5,6.0,,,85228,2004,,,,,,,https://www.redfin.com/CA/Malibu/5825-Murphy-Way-90265/home/6856513,,,N,Y,34.0365031,-118.7851821
PAST SALE,April-21-2023,Single Family Residential,25225 Malibu Rd,Malibu,CA,90265,10500000,3,4.0,Malibu,3254,70912,1989,,3227,,Sold,,,https://www.redfin.com/CA/Malibu/25225-Malibu-Rd-90265/home/6855201,TheMLS,23-230713,N,Y,34.0326464,-118.724225
PAST SALE,August-23-2024,Single Family Residential,31630 Sea Level Dr,Malibu,CA,90265,10500000,4,6.0,Malibu Beach,3938,4714,1994,,2666,,Sold,,,https://www.redfin.com/CA/Malibu/31630-Sea-Level-Dr-90265/home/6858263,TheMLS,24-367493,N,Y,34.0352168,-118.86313
PAST SALE,July-27-2022,Single Family Residential,7317 Birdview Ave,Malibu,CA,90265,10400000,4,4.0,Malibu Beach,2982,32544,1961,,3488,,Sold,,,https://www.redfin.com/CA/Malibu/7317-Birdview-Ave-90265/home/6857540,TheMLS,22-171715,N,Y,34.0044155,-118.809448
PAST SALE,May-17-2022,Single Family Residential,24112 Malibu Rd,Malibu,CA,90265,10380000,3,4.0,Malibu Beach,2930,4843,,,3543,,Sold,,,https://www.redfin.com/CA/Malibu/24112-Malibu-Rd-90265/home/6854650,TheMLS,22-127461,N,Y,34.031367,-118.7002699
PAST SALE,November-24-2021,Single Family Residential,21844 Pacific Coast Hwy,Malibu,CA,90265,10300000,3,2.0,Malibu Beach,1765,6893,1950,,5836,,Sold,,,https://www.redfin.com/CA/Malibu/21844-Pacific-Coast-Hwy-90265/home/6852791,TheMLS,21-779718,N,Y,34.037905,-118.6505954
PAST SALE,,Single Family Residential,33750 Pacific Coast Hwy,Malibu,CA,90265,10300000,5,5.0,,4044,37488,1980,,2547,,,,,https://www.redfin.com/CA/Malibu/33750-Pacific-Coast-Hwy-90265/home/6859000,,,N,Y,34.0431156,-118.9116468
PAST SALE,,Single Family Residential,3201 Retreat Ct,Malibu,CA,90265,10275000,6,7.0,,8272,111804,1983,,1242,,,,,https://www.redfin.com/CA/Malibu/3201-Retreat-Ct-90265/home/6853416,,,N,Y,34.0476252,-118.6853397
PAST SALE,,Single Family Residential,6261 Tantalus Dr,Malibu,CA,90265,10250000,4,7.0,,5852,74222,2007,,1752,,,,,https://www.redfin.com/CA/Malibu/6261-Tantalus-Dr-90265/home/17243284,,,N,Y,34.030724,-118.765535
PAST SALE,February-28-2023,Single Family Residential,27300 Pacific Coast Hwy,Malibu,CA,90265,10250000,3,3.0,Malibu Beach,,16691,,,,,Sold,,,https://www.redfin.com/CA/Malibu/27300-Pacific-Coast-Hwy-90265/home/6855648,TheMLS,22-224601,N,Y,34.0252454,-118.7683518
PAST SALE,September-8-2022,Single Family Residential,3900 Villa Costera,Malibu,CA,90265,10250000,5,6.0,Malibu,6459,43716,1984,,1587,,Sold,,,https://www.redfin.com/CA/Malibu/3900-Villa-Costera-90265/home/6852906,TheMLS,22-117073,N,Y,34.0416107,-118.647754
PAST SALE,,Single Family Residential,6945 Whitesands Pl,Malibu,CA,90265,10200000,4,3.0,,1918,64986,1971,,5318,,,,,https://www.redfin.com/CA/Malibu/6945-Whitesands-Pl-90265/home/6856193,,,N,Y,34.0123166,-118.7953927
PAST SALE,September-30-2024,Single Family Residential,31654 Broad Beach Rd,Malibu,CA,90265,10025000,4,4.0,Malibu,4456,5452,1950,,2250,,Sold,,,https://www.redfin.com/CA/Malibu/31654-Broad-Beach-Rd-90265/home/6858579,TheMLS,24-423277,N,Y,34.0364387,-118.8648796
PAST SALE,January-31-2022,Single Family Residential,27352 Pacific Coast Hwy,Malibu,CA,90265,10023350,3,5.0,Malibu Beach,4538,10643,1988,,2209,,Sold,,,https://www.redfin.com/CA/Malibu/27352-Pacific-Coast-Hwy-90265/home/6855673,TheMLS,21-113545,N,Y,34.0247287,-118.7698573
PAST SALE,February-11-2022,Single Family Residential,21460 Pacific Coast Hwy,Malibu,CA,90265,10000000,3,4.0,Malibu Beach,2980,6674,1979,,3356,,Sold,,,https://www.redfin.com/CA/Malibu/21460-Pacific-Coast-Hwy-90265/home/6852765,TheMLS,22-117191,N,Y,34.037883,-118.6424835
PAST SALE,,Single Family Residential,6170 Ramirez Canyon Rd,Malibu,CA,90265,10000000,5,5.0,,,68891,2007,,,,,,,https://www.redfin.com/CA/Malibu/6170-Ramirez-Canyon-Rd-90265/home/6856547,,,N,Y,34.0284465,-118.787377
PAST SALE,July-19-2024,Vacant Land,5068 Carbon Beach Ter,Malibu,CA,90265,10000000,,,Malibu,,1236643,,,,,Sold,,,https://www.redfin.com/CA/Malibu/5068-Carbon-Beach-Ter-90265/home/22398940,TheMLS,24-355785,N,Y,34.044784,-118.663653
PAST SALE,,Single Family Residential,3539 Cross Creek Ln,Malibu,CA,90265,10000000,4,4.0,,3531,39039,1960,,2832,,,,,https://www.redfin.com/CA/Malibu/3539-Cross-Creek-Ln-90265/home/6853327,,,N,Y,34.042151,-118.6819403
PAST SALE,December-12-2022,Single Family Residential,42500 Pacific Coast Hwy,Malibu,CA,90265,10000000,5,5.0,Malibu Beach,5049,12045,,,1981,,Sold,,,https://www.redfin.com/CA/Malibu/42500-Pacific-Coast-Hwy-90265/home/4694267,TheMLS,22-144111,N,Y,34.0536097,-118.9650467
